{
	"info": {
		"_postman_id": "10d486c3-7707-4646-a72b-6b8e5467a65b",
		"name": "Cursos",
		"schema": "https://schema.getpostman.com/json/collection/v2.1.0/collection.json",
		"_exporter_id": "30958129",
		"_collection_link": "https://marce9.postman.co/workspace/1ff25444-65f9-4b3d-9dba-086973ed8102/collection/30958129-10d486c3-7707-4646-a72b-6b8e5467a65b?action=share&source=collection_link&creator=30958129"
	},
	"item": [
		{
			"name": "getAllCursos",
			"request": {
				"method": "GET",
				"header": []
			},
			"response": []
		},
		{
			"name": "getCursoById",
			"request": {
				"method": "GET",
				"header": []
			},
			"response": []
		},
		{
			"name": "createCurso",
			"request": {
				"method": "POST",
				"header": [],
				"body": {
					"mode": "raw",
					"raw": "{\r\n    \"nombre\": \"PHP\",\r\n    \"categoria\": {\r\n        \"id\": 2,\r\n        \"nombre\": \"Programación Backend\"\r\n    }\r\n}",
					"options": {
						"raw": {
							"language": "json"
						}
					}
				},
				"url": {
					"raw": "localhost:8080/api/cursos",
					"host": [
						"localhost"
					],
					"port": "8080",
					"path": [
						"api",
						"cursos"
					]
				}
			},
			"response": []
		}
	]
}